FIPS,COASTAL_TYPE_SHORELINE,NAME_SHORELINE,COASTAL_TYPE_WATERSHED,NAME_WATERSHED
01003,shoreline,"Baldwin County, Alabama",watershed,"Baldwin County, Alabama"
01025,,,watershed,"Clarke County, Alabama"
01039,,,watershed,"Covington County, Alabama"
01053,,,watershed,"Escambia County, Alabama"
01061,,,watershed,"Geneva County, Alabama"
01097,shoreline,"Mobile County, Alabama",watershed,"Mobile County, Alabama"
01099,,,watershed,"Monroe County, Alabama"
01129,,,watershed,"Washington County, Alabama"
02013,shoreline,"Aleutians East Borough, Alaska",watershed,"Aleutians East Borough, Alaska"
02016,shoreline,"Aleutians West Census Area, Alaska",watershed,"Aleutians West Census Area, Alaska"
02020,shoreline,"Anchorage Municipality, Alaska",watershed,"Anchorage Municipality, Alaska"
02050,shoreline,"Bethel Census Area, Alaska",watershed,"Bethel Census Area, Alaska"
02060,shoreline,"Bristol Bay Borough, Alaska",watershed,"Bristol Bay Borough, Alaska"
02070,shoreline,"Dillingham Census Area, Alaska",watershed,"Dillingham Census Area, Alaska"
02100,shoreline,"Haines Borough, Alaska",watershed,"Haines Borough, Alaska"
02105,shoreline,"Hoonah-Angoon Census Area, Alaska",watershed,"Hoonah-Angoon Census Area, Alaska"
02110,shoreline,"Juneau City and Borough, Alaska",watershed,"Juneau City and Borough, Alaska"
02122,shoreline,"Kenai Peninsula Borough, Alaska",watershed,"Kenai Peninsula Borough, Alaska"
02130,shoreline,"Ketchikan Gateway Borough, Alaska",watershed,"Ketchikan Gateway Borough, Alaska"
02150,shoreline,"Kodiak Island Borough, Alaska",watershed,"Kodiak Island Borough, Alaska"
02164,shoreline,"Lake and Peninsula Borough, Alaska",watershed,"Lake and Peninsula Borough, Alaska"
02170,shoreline,"Matanuska-Susitna Borough, Alaska",watershed,"Matanuska-Susitna Borough, Alaska"
02180,shoreline,"Nome Census Area, Alaska",watershed,"Nome Census Area, Alaska"
02185,shoreline,"North Slope Borough, Alaska",watershed,"North Slope Borough, Alaska"
02188,shoreline,"Northwest Arctic Borough, Alaska",watershed,"Northwest Arctic Borough, Alaska"
02195,shoreline,"Petersburg Census Area, Alaska",watershed,"Petersburg Census Area, Alaska"
02198,shoreline,"Prince of Wales-Hyder Census Area, Alaska",watershed,"Prince of Wales-Hyder Census Area, Alaska"
02220,shoreline,"Sitka City and Borough, Alaska",watershed,"Sitka City and Borough, Alaska"
02230,shoreline,"Skagway Municipality, Alaska",watershed,"Skagway Municipality, Alaska"
02261,shoreline,"Valdez-Cordova Census Area, Alaska",watershed,"Valdez-Cordova Census Area, Alaska"
02270,shoreline,"Wade Hampton Census Area, Alaska",watershed,"Wade Hampton Census Area, Alaska"
02275,shoreline,"Wrangell City and Borough, Alaska",watershed,"Wrangell City and Borough, Alaska"
02282,shoreline,"Yakutat City and Borough, Alaska",watershed,"Yakutat City and Borough, Alaska"
06001,shoreline,"Alameda County, California",watershed,"Alameda County, California"
06013,shoreline,"Contra Costa County, California",watershed,"Contra Costa County, California"
06015,shoreline,"Del Norte County, California",watershed,"Del Norte County, California"
06023,shoreline,"Humboldt County, California",watershed,"Humboldt County, California"
06037,shoreline,"Los Angeles County, California",watershed,"Los Angeles County, California"
06041,shoreline,"Marin County, California",watershed,"Marin County, California"
06045,shoreline,"Mendocino County, California",watershed,"Mendocino County, California"
06053,shoreline,"Monterey County, California",watershed,"Monterey County, California"
06055,shoreline,"Napa County, California",watershed,"Napa County, California"
06059,shoreline,"Orange County, California",watershed,"Orange County, California"
06065,,,watershed,"Riverside County, California"
06067,,,watershed,"Sacramento County, California"
06069,,,watershed,"San Benito County, California"
06071,,,watershed,"San Bernardino County, California"
06073,shoreline,"San Diego County, California",watershed,"San Diego County, California"
06075,shoreline,"San Francisco County, California",watershed,"San Francisco County, California"
06077,,,watershed,"San Joaquin County, California"
06079,shoreline,"San Luis Obispo County, California",watershed,"San Luis Obispo County, California"
06081,shoreline,"San Mateo County, California",watershed,"San Mateo County, California"
06083,shoreline,"Santa Barbara County, California",watershed,"Santa Barbara County, California"
06085,shoreline,"Santa Clara County, California",watershed,"Santa Clara County, California"
06087,shoreline,"Santa Cruz County, California",watershed,"Santa Cruz County, California"
06093,,,watershed,"Siskiyou County, California"
06095,shoreline,"Solano County, California",watershed,"Solano County, California"
06097,shoreline,"Sonoma County, California",watershed,"Sonoma County, California"
06101,,,watershed,"Sutter County, California"
06105,,,watershed,"Trinity County, California"
06111,shoreline,"Ventura County, California",watershed,"Ventura County, California"
06113,,,watershed,"Yolo County, California"
09001,shoreline,"Fairfield County, Connecticut",watershed,"Fairfield County, Connecticut"
09003,,,watershed,"Hartford County, Connecticut"
09005,,,watershed,"Litchfield County, Connecticut"
09007,shoreline,"Middlesex County, Connecticut",watershed,"Middlesex County, Connecticut"
09009,shoreline,"New Haven County, Connecticut",watershed,"New Haven County, Connecticut"
09011,shoreline,"New London County, Connecticut",watershed,"New London County, Connecticut"
09013,,,watershed,"Tolland County, Connecticut"
09015,,,watershed,"Windham County, Connecticut"
10001,shoreline,"Kent County, Delaware",watershed,"Kent County, Delaware"
10003,shoreline,"New Castle County, Delaware",watershed,"New Castle County, Delaware"
10005,shoreline,"Sussex County, Delaware",watershed,"Sussex County, Delaware"
11001,shoreline,"District of Columbia, District Of Columbia",watershed,"District of Columbia, District Of Columbia"
12003,,,watershed,"Baker County, Florida"
12005,shoreline,"Bay County, Florida",watershed,"Bay County, Florida"
12009,shoreline,"Brevard County, Florida",watershed,"Brevard County, Florida"
12011,shoreline,"Broward County, Florida",watershed,"Broward County, Florida"
12013,,,watershed,"Calhoun County, Florida"
12015,shoreline,"Charlotte County, Florida",watershed,"Charlotte County, Florida"
12017,shoreline,"Citrus County, Florida",watershed,"Citrus County, Florida"
12019,shoreline,"Clay County, Florida",watershed,"Clay County, Florida"
12021,shoreline,"Collier County, Florida",watershed,"Collier County, Florida"
12027,,,watershed,"DeSoto County, Florida"
12029,shoreline,"Dixie County, Florida",watershed,"Dixie County, Florida"
12031,shoreline,"Duval County, Florida",watershed,"Duval County, Florida"
12033,shoreline,"Escambia County, Florida",watershed,"Escambia County, Florida"
12035,shoreline,"Flagler County, Florida",watershed,"Flagler County, Florida"
12037,shoreline,"Franklin County, Florida",watershed,"Franklin County, Florida"
12039,,,watershed,"Gadsden County, Florida"
12041,,,watershed,"Gilchrist County, Florida"
12043,,,watershed,"Glades County, Florida"
12045,shoreline,"Gulf County, Florida",watershed,"Gulf County, Florida"
12049,,,watershed,"Hardee County, Florida"
12051,,,watershed,"Hendry County, Florida"
12053,shoreline,"Hernando County, Florida",watershed,"Hernando County, Florida"
12055,,,watershed,"Highlands County, Florida"
12057,shoreline,"Hillsborough County, Florida",watershed,"Hillsborough County, Florida"
12059,,,watershed,"Holmes County, Florida"
12061,shoreline,"Indian River County, Florida",watershed,"Indian River County, Florida"
12063,,,watershed,"Jackson County, Florida"
12065,shoreline,"Jefferson County, Florida",watershed,"Jefferson County, Florida"
12067,,,watershed,"Lafayette County, Florida"
12069,,,watershed,"Lake County, Florida"
12071,shoreline,"Lee County, Florida",watershed,"Lee County, Florida"
12073,,,watershed,"Leon County, Florida"
12075,shoreline,"Levy County, Florida",watershed,"Levy County, Florida"
12077,shoreline,"Liberty County, Florida",watershed,"Liberty County, Florida"
12079,,,watershed,"Madison County, Florida"
12081,shoreline,"Manatee County, Florida",watershed,"Manatee County, Florida"
12083,,,watershed,"Marion County, Florida"
12085,shoreline,"Martin County, Florida",watershed,"Martin County, Florida"
12086,shoreline,"Miami-Dade County, Florida",watershed,"Miami-Dade County, Florida"
12087,shoreline,"Monroe County, Florida",watershed,"Monroe County, Florida"
12089,shoreline,"Nassau County, Florida",watershed,"Nassau County, Florida"
12091,shoreline,"Okaloosa County, Florida",watershed,"Okaloosa County, Florida"
12093,,,watershed,"Okeechobee County, Florida"
12095,,,watershed,"Orange County, Florida"
12097,,,watershed,"Osceola County, Florida"
12099,shoreline,"Palm Beach County, Florida",watershed,"Palm Beach County, Florida"
12101,shoreline,"Pasco County, Florida",watershed,"Pasco County, Florida"
12103,shoreline,"Pinellas County, Florida",watershed,"Pinellas County, Florida"
12105,,,watershed,"Polk County, Florida"
12107,shoreline,"Putnam County, Florida",watershed,"Putnam County, Florida"
12109,shoreline,"St. Johns County, Florida",watershed,"St. Johns County, Florida"
12111,shoreline,"St. Lucie County, Florida",watershed,"St. Lucie County, Florida"
12113,shoreline,"Santa Rosa County, Florida",watershed,"Santa Rosa County, Florida"
12115,shoreline,"Sarasota County, Florida",watershed,"Sarasota County, Florida"
12117,,,watershed,"Seminole County, Florida"
12119,,,watershed,"Sumter County, Florida"
12121,,,watershed,"Suwannee County, Florida"
12123,shoreline,"Taylor County, Florida",watershed,"Taylor County, Florida"
12127,shoreline,"Volusia County, Florida",watershed,"Volusia County, Florida"
12129,shoreline,"Wakulla County, Florida",watershed,"Wakulla County, Florida"
12131,shoreline,"Walton County, Florida",watershed,"Walton County, Florida"
12133,,,watershed,"Washington County, Florida"
13001,,,watershed,"Appling County, Georgia"
13003,,,watershed,"Atkinson County, Georgia"
13005,,,watershed,"Bacon County, Georgia"
13025,shoreline,"Brantley County, Georgia",watershed,"Brantley County, Georgia"
13029,shoreline,"Bryan County, Georgia",watershed,"Bryan County, Georgia"
13031,,,watershed,"Bulloch County, Georgia"
13039,shoreline,"Camden County, Georgia",watershed,"Camden County, Georgia"
13049,shoreline,"Charlton County, Georgia",watershed,"Charlton County, Georgia"
13051,shoreline,"Chatham County, Georgia",watershed,"Chatham County, Georgia"
13069,,,watershed,"Coffee County, Georgia"
13087,,,watershed,"Decatur County, Georgia"
13103,,,watershed,"Effingham County, Georgia"
13127,shoreline,"Glynn County, Georgia",watershed,"Glynn County, Georgia"
13131,,,watershed,"Grady County, Georgia"
13155,,,watershed,"Irwin County, Georgia"
13161,,,watershed,"Jeff Davis County, Georgia"
13165,,,watershed,"Jenkins County, Georgia"
13179,shoreline,"Liberty County, Georgia",watershed,"Liberty County, Georgia"
13183,,,watershed,"Long County, Georgia"
13191,shoreline,"McIntosh County, Georgia",watershed,"McIntosh County, Georgia"
13209,,,watershed,"Montgomery County, Georgia"
13229,,,watershed,"Pierce County, Georgia"
13251,,,watershed,"Screven County, Georgia"
13267,,,watershed,"Tattnall County, Georgia"
13275,,,watershed,"Thomas County, Georgia"
13279,,,watershed,"Toombs County, Georgia"
13299,,,watershed,"Ware County, Georgia"
13305,shoreline,"Wayne County, Georgia",watershed,"Wayne County, Georgia"
15001,shoreline,"Hawaii County, Hawaii",watershed,"Hawaii County, Hawaii"
15003,shoreline,"Honolulu County, Hawaii",watershed,"Honolulu County, Hawaii"
15005,shoreline,"Kalawao County, Hawaii",watershed,"Kalawao County, Hawaii"
15007,shoreline,"Kauai County, Hawaii",watershed,"Kauai County, Hawaii"
15009,shoreline,"Maui County, Hawaii",watershed,"Maui County, Hawaii"
17031,shoreline,"Cook County, Illinois",watershed,"Cook County, Illinois"
17097,shoreline,"Lake County, Illinois",watershed,"Lake County, Illinois"
18039,,,watershed,"Elkhart County, Indiana"
18085,,,watershed,"Kosciusko County, Indiana"
18087,,,watershed,"LaGrange County, Indiana"
18089,shoreline,"Lake County, Indiana",watershed,"Lake County, Indiana"
18091,shoreline,"LaPorte County, Indiana",watershed,"LaPorte County, Indiana"
18113,,,watershed,"Noble County, Indiana"
18127,shoreline,"Porter County, Indiana",watershed,"Porter County, Indiana"
18141,,,watershed,"St. Joseph County, Indiana"
18151,,,watershed,"Steuben County, Indiana"
22001,,,watershed,"Acadia Parish, Louisiana"
22003,,,watershed,"Allen Parish, Louisiana"
22005,shoreline,"Ascension Parish, Louisiana",watershed,"Ascension Parish, Louisiana"
22007,shoreline,"Assumption Parish, Louisiana",watershed,"Assumption Parish, Louisiana"
22009,,,watershed,"Avoyelles Parish, Louisiana"
22011,,,watershed,"Beauregard Parish, Louisiana"
22019,shoreline,"Calcasieu Parish, Louisiana",watershed,"Calcasieu Parish, Louisiana"
22023,shoreline,"Cameron Parish, Louisiana",watershed,"Cameron Parish, Louisiana"
22033,,,watershed,"East Baton Rouge Parish, Louisiana"
22037,,,watershed,"East Feliciana Parish, Louisiana"
22039,,,watershed,"Evangeline Parish, Louisiana"
22045,shoreline,"Iberia Parish, Louisiana",watershed,"Iberia Parish, Louisiana"
22047,,,watershed,"Iberville Parish, Louisiana"
22051,shoreline,"Jefferson Parish, Louisiana",watershed,"Jefferson Parish, Louisiana"
22053,shoreline,"Jefferson Davis Parish, Louisiana",watershed,"Jefferson Davis Parish, Louisiana"
22055,,,watershed,"Lafayette Parish, Louisiana"
22057,shoreline,"Lafourche Parish, Louisiana",watershed,"Lafourche Parish, Louisiana"
22063,shoreline,"Livingston Parish, Louisiana",watershed,"Livingston Parish, Louisiana"
22071,shoreline,"Orleans Parish, Louisiana",watershed,"Orleans Parish, Louisiana"
22075,shoreline,"Plaquemines Parish, Louisiana",watershed,"Plaquemines Parish, Louisiana"
22077,,,watershed,"Pointe Coupee Parish, Louisiana"
22079,,,watershed,"Rapides Parish, Louisiana"
22085,,,watershed,"Sabine Parish, Louisiana"
22087,shoreline,"St. Bernard Parish, Louisiana",watershed,"St. Bernard Parish, Louisiana"
22089,shoreline,"St. Charles Parish, Louisiana",watershed,"St. Charles Parish, Louisiana"
22091,,,watershed,"St. Helena Parish, Louisiana"
22093,shoreline,"St. James Parish, Louisiana",watershed,"St. James Parish, Louisiana"
22095,shoreline,"St. John the Baptist Parish, Louisiana",watershed,"St. John the Baptist Parish, Louisiana"
22097,,,watershed,"St. Landry Parish, Louisiana"
22099,shoreline,"St. Martin Parish, Louisiana",watershed,"St. Martin Parish, Louisiana"
22101,shoreline,"St. Mary Parish, Louisiana",watershed,"St. Mary Parish, Louisiana"
22103,shoreline,"St. Tammany Parish, Louisiana",watershed,"St. Tammany Parish, Louisiana"
22105,shoreline,"Tangipahoa Parish, Louisiana",watershed,"Tangipahoa Parish, Louisiana"
22109,shoreline,"Terrebonne Parish, Louisiana",watershed,"Terrebonne Parish, Louisiana"
22113,shoreline,"Vermilion Parish, Louisiana",watershed,"Vermilion Parish, Louisiana"
22115,,,watershed,"Vernon Parish, Louisiana"
22117,,,watershed,"Washington Parish, Louisiana"
22121,,,watershed,"West Baton Rouge Parish, Louisiana"
22125,,,watershed,"West Feliciana Parish, Louisiana"
23001,,,watershed,"Androscoggin County, Maine"
23005,shoreline,"Cumberland County, Maine",watershed,"Cumberland County, Maine"
23007,,,watershed,"Franklin County, Maine"
23009,shoreline,"Hancock County, Maine",watershed,"Hancock County, Maine"
23011,,,watershed,"Kennebec County, Maine"
23013,shoreline,"Knox County, Maine",watershed,"Knox County, Maine"
23015,shoreline,"Lincoln County, Maine",watershed,"Lincoln County, Maine"
23017,,,watershed,"Oxford County, Maine"
23019,,,watershed,"Penobscot County, Maine"
23023,shoreline,"Sagadahoc County, Maine",watershed,"Sagadahoc County, Maine"
23025,,,watershed,"Somerset County, Maine"
23027,shoreline,"Waldo County, Maine",watershed,"Waldo County, Maine"
23029,shoreline,"Washington County, Maine",watershed,"Washington County, Maine"
23031,shoreline,"York County, Maine",watershed,"York County, Maine"
24003,shoreline,"Anne Arundel County, Maryland",watershed,"Anne Arundel County, Maryland"
24005,shoreline,"Baltimore County, Maryland",watershed,"Baltimore County, Maryland"
24009,shoreline,"Calvert County, Maryland",watershed,"Calvert County, Maryland"
24011,shoreline,"Caroline County, Maryland",watershed,"Caroline County, Maryland"
24013,,,watershed,"Carroll County, Maryland"
24015,shoreline,"Cecil County, Maryland",watershed,"Cecil County, Maryland"
24017,shoreline,"Charles County, Maryland",watershed,"Charles County, Maryland"
24019,shoreline,"Dorchester County, Maryland",watershed,"Dorchester County, Maryland"
24025,shoreline,"Harford County, Maryland",watershed,"Harford County, Maryland"
24027,shoreline,"Howard County, Maryland",watershed,"Howard County, Maryland"
24029,shoreline,"Kent County, Maryland",watershed,"Kent County, Maryland"
24031,,,watershed,"Montgomery County, Maryland"
24033,shoreline,"Prince George's County, Maryland",watershed,"Prince George's County, Maryland"
24035,shoreline,"Queen Anne's County, Maryland",watershed,"Queen Anne's County, Maryland"
24037,shoreline,"St. Mary's County, Maryland",watershed,"St. Mary's County, Maryland"
24039,shoreline,"Somerset County, Maryland",watershed,"Somerset County, Maryland"
24041,shoreline,"Talbot County, Maryland",watershed,"Talbot County, Maryland"
24045,shoreline,"Wicomico County, Maryland",watershed,"Wicomico County, Maryland"
24047,shoreline,"Worcester County, Maryland",watershed,"Worcester County, Maryland"
24510,shoreline,"Baltimore city, Maryland",watershed,"Baltimore city, Maryland"
25001,shoreline,"Barnstable County, Massachusetts",watershed,"Barnstable County, Massachusetts"
25003,,,watershed,"Berkshire County, Massachusetts"
25005,shoreline,"Bristol County, Massachusetts",watershed,"Bristol County, Massachusetts"
25007,shoreline,"Dukes County, Massachusetts",watershed,"Dukes County, Massachusetts"
25009,shoreline,"Essex County, Massachusetts",watershed,"Essex County, Massachusetts"
25013,,,watershed,"Hampden County, Massachusetts"
25017,shoreline,"Middlesex County, Massachusetts",watershed,"Middlesex County, Massachusetts"
25019,shoreline,"Nantucket County, Massachusetts",watershed,"Nantucket County, Massachusetts"
25021,shoreline,"Norfolk County, Massachusetts",watershed,"Norfolk County, Massachusetts"
25023,shoreline,"Plymouth County, Massachusetts",watershed,"Plymouth County, Massachusetts"
25025,shoreline,"Suffolk County, Massachusetts",watershed,"Suffolk County, Massachusetts"
25027,,,watershed,"Worcester County, Massachusetts"
26001,shoreline,"Alcona County, Michigan",watershed,"Alcona County, Michigan"
26003,shoreline,"Alger County, Michigan",watershed,"Alger County, Michigan"
26005,shoreline,"Allegan County, Michigan",watershed,"Allegan County, Michigan"
26007,shoreline,"Alpena County, Michigan",watershed,"Alpena County, Michigan"
26009,shoreline,"Antrim County, Michigan",watershed,"Antrim County, Michigan"
26011,shoreline,"Arenac County, Michigan",watershed,"Arenac County, Michigan"
26013,shoreline,"Baraga County, Michigan",watershed,"Baraga County, Michigan"
26015,,,watershed,"Barry County, Michigan"
26017,shoreline,"Bay County, Michigan",watershed,"Bay County, Michigan"
26019,shoreline,"Benzie County, Michigan",watershed,"Benzie County, Michigan"
26021,shoreline,"Berrien County, Michigan",watershed,"Berrien County, Michigan"
26023,,,watershed,"Branch County, Michigan"
26025,,,watershed,"Calhoun County, Michigan"
26027,,,watershed,"Cass County, Michigan"
26029,shoreline,"Charlevoix County, Michigan",watershed,"Charlevoix County, Michigan"
26031,shoreline,"Cheboygan County, Michigan",watershed,"Cheboygan County, Michigan"
26033,shoreline,"Chippewa County, Michigan",watershed,"Chippewa County, Michigan"
26035,,,watershed,"Clare County, Michigan"
26039,,,watershed,"Crawford County, Michigan"
26041,shoreline,"Delta County, Michigan",watershed,"Delta County, Michigan"
26043,,,watershed,"Dickinson County, Michigan"
26045,,,watershed,"Eaton County, Michigan"
26047,shoreline,"Emmet County, Michigan",watershed,"Emmet County, Michigan"
26053,shoreline,"Gogebic County, Michigan",watershed,"Gogebic County, Michigan"
26055,shoreline,"Grand Traverse County, Michigan",watershed,"Grand Traverse County, Michigan"
26059,,,watershed,"Hillsdale County, Michigan"
26061,shoreline,"Houghton County, Michigan",watershed,"Houghton County, Michigan"
26063,shoreline,"Huron County, Michigan",watershed,"Huron County, Michigan"
26067,,,watershed,"Ionia County, Michigan"
26069,shoreline,"Iosco County, Michigan",watershed,"Iosco County, Michigan"
26075,,,watershed,"Jackson County, Michigan"
26077,,,watershed,"Kalamazoo County, Michigan"
26079,,,watershed,"Kalkaska County, Michigan"
26081,,,watershed,"Kent County, Michigan"
26083,shoreline,"Keweenaw County, Michigan",watershed,"Keweenaw County, Michigan"
26085,,,watershed,"Lake County, Michigan"
26087,,,watershed,"Lapeer County, Michigan"
26089,shoreline,"Leelanau County, Michigan",watershed,"Leelanau County, Michigan"
26091,,,watershed,"Lenawee County, Michigan"
26093,,,watershed,"Livingston County, Michigan"
26095,shoreline,"Luce County, Michigan",watershed,"Luce County, Michigan"
26097,shoreline,"Mackinac County, Michigan",watershed,"Mackinac County, Michigan"
26099,shoreline,"Macomb County, Michigan",watershed,"Macomb County, Michigan"
26101,shoreline,"Manistee County, Michigan",watershed,"Manistee County, Michigan"
26103,shoreline,"Marquette County, Michigan",watershed,"Marquette County, Michigan"
26105,shoreline,"Mason County, Michigan",watershed,"Mason County, Michigan"
26107,,,watershed,"Mecosta County, Michigan"
26109,shoreline,"Menominee County, Michigan",watershed,"Menominee County, Michigan"
26113,,,watershed,"Missaukee County, Michigan"
26115,shoreline,"Monroe County, Michigan",watershed,"Monroe County, Michigan"
26117,,,watershed,"Montcalm County, Michigan"
26119,,,watershed,"Montmorency County, Michigan"
26121,shoreline,"Muskegon County, Michigan",watershed,"Muskegon County, Michigan"
26123,,,watershed,"Newaygo County, Michigan"
26125,,,watershed,"Oakland County, Michigan"
26127,shoreline,"Oceana County, Michigan",watershed,"Oceana County, Michigan"
26129,,,watershed,"Ogemaw County, Michigan"
26131,shoreline,"Ontonagon County, Michigan",watershed,"Ontonagon County, Michigan"
26133,,,watershed,"Osceola County, Michigan"
26135,,,watershed,"Oscoda County, Michigan"
26137,,,watershed,"Otsego County, Michigan"
26139,shoreline,"Ottawa County, Michigan",watershed,"Ottawa County, Michigan"
26141,shoreline,"Presque Isle County, Michigan",watershed,"Presque Isle County, Michigan"
26143,,,watershed,"Roscommon County, Michigan"
26145,,,watershed,"Saginaw County, Michigan"
26147,shoreline,"St. Clair County, Michigan",watershed,"St. Clair County, Michigan"
26149,,,watershed,"St. Joseph County, Michigan"
26151,shoreline,"Sanilac County, Michigan",watershed,"Sanilac County, Michigan"
26153,shoreline,"Schoolcraft County, Michigan",watershed,"Schoolcraft County, Michigan"
26157,shoreline,"Tuscola County, Michigan",watershed,"Tuscola County, Michigan"
26159,shoreline,"Van Buren County, Michigan",watershed,"Van Buren County, Michigan"
26161,,,watershed,"Washtenaw County, Michigan"
26163,shoreline,"Wayne County, Michigan",watershed,"Wayne County, Michigan"
26165,,,watershed,"Wexford County, Michigan"
27017,,,watershed,"Carlton County, Minnesota"
27031,shoreline,"Cook County, Minnesota",watershed,"Cook County, Minnesota"
27075,shoreline,"Lake County, Minnesota",watershed,"Lake County, Minnesota"
27137,shoreline,"St. Louis County, Minnesota",watershed,"St. Louis County, Minnesota"
28005,,,watershed,"Amite County, Mississippi"
28039,,,watershed,"George County, Mississippi"
28045,shoreline,"Hancock County, Mississippi",watershed,"Hancock County, Mississippi"
28047,shoreline,"Harrison County, Mississippi",watershed,"Harrison County, Mississippi"
28059,shoreline,"Jackson County, Mississippi",watershed,"Jackson County, Mississippi"
28073,,,watershed,"Lamar County, Mississippi"
28091,,,watershed,"Marion County, Mississippi"
28109,,,watershed,"Pearl River County, Mississippi"
28113,,,watershed,"Pike County, Mississippi"
28131,,,watershed,"Stone County, Mississippi"
28147,,,watershed,"Walthall County, Mississippi"
28157,,,watershed,"Wilkinson County, Mississippi"
33001,,,watershed,"Belknap County, New Hampshire"
33003,,,watershed,"Carroll County, New Hampshire"
33011,,,watershed,"Hillsborough County, New Hampshire"
33013,,,watershed,"Merrimack County, New Hampshire"
33015,shoreline,"Rockingham County, New Hampshire",watershed,"Rockingham County, New Hampshire"
33017,shoreline,"Strafford County, New Hampshire",watershed,"Strafford County, New Hampshire"
34001,shoreline,"Atlantic County, New Jersey",watershed,"Atlantic County, New Jersey"
34003,shoreline,"Bergen County, New Jersey",watershed,"Bergen County, New Jersey"
34005,shoreline,"Burlington County, New Jersey",watershed,"Burlington County, New Jersey"
34007,shoreline,"Camden County, New Jersey",watershed,"Camden County, New Jersey"
34009,shoreline,"Cape May County, New Jersey",watershed,"Cape May County, New Jersey"
34011,shoreline,"Cumberland County, New Jersey",watershed,"Cumberland County, New Jersey"
34013,shoreline,"Essex County, New Jersey",watershed,"Essex County, New Jersey"
34015,shoreline,"Gloucester County, New Jersey",watershed,"Gloucester County, New Jersey"
34017,shoreline,"Hudson County, New Jersey",watershed,"Hudson County, New Jersey"
34019,,,watershed,"Hunterdon County, New Jersey"
34021,,,watershed,"Mercer County, New Jersey"
34023,shoreline,"Middlesex County, New Jersey",watershed,"Middlesex County, New Jersey"
34025,shoreline,"Monmouth County, New Jersey",watershed,"Monmouth County, New Jersey"
34027,,,watershed,"Morris County, New Jersey"
34029,shoreline,"Ocean County, New Jersey",watershed,"Ocean County, New Jersey"
34031,,,watershed,"Passaic County, New Jersey"
34033,shoreline,"Salem County, New Jersey",watershed,"Salem County, New Jersey"
34035,shoreline,"Somerset County, New Jersey",watershed,"Somerset County, New Jersey"
34037,,,watershed,"Sussex County, New Jersey"
34039,shoreline,"Union County, New Jersey",watershed,"Union County, New Jersey"
36001,,,watershed,"Albany County, New York"
36005,shoreline,"Bronx County, New York",watershed,"Bronx County, New York"
36009,,,watershed,"Cattaraugus County, New York"
36011,shoreline,"Cayuga County, New York",watershed,"Cayuga County, New York"
36013,shoreline,"Chautauqua County, New York",watershed,"Chautauqua County, New York"
36019,,,watershed,"Clinton County, New York"
36021,,,watershed,"Columbia County, New York"
36027,shoreline,"Dutchess County, New York",watershed,"Dutchess County, New York"
36029,shoreline,"Erie County, New York",watershed,"Erie County, New York"
36033,,,watershed,"Franklin County, New York"
36037,,,watershed,"Genesee County, New York"
36039,,,watershed,"Greene County, New York"
36041,,,watershed,"Hamilton County, New York"
36043,,,watershed,"Herkimer County, New York"
36045,shoreline,"Jefferson County, New York",watershed,"Jefferson County, New York"
36047,shoreline,"Kings County, New York",watershed,"Kings County, New York"
36049,,,watershed,"Lewis County, New York"
36051,,,watershed,"Livingston County, New York"
36055,shoreline,"Monroe County, New York",watershed,"Monroe County, New York"
36059,shoreline,"Nassau County, New York",watershed,"Nassau County, New York"
36061,shoreline,"New York County, New York",watershed,"New York County, New York"
36063,shoreline,"Niagara County, New York",watershed,"Niagara County, New York"
36067,,,watershed,"Onondaga County, New York"
36069,,,watershed,"Ontario County, New York"
36071,shoreline,"Orange County, New York",watershed,"Orange County, New York"
36073,shoreline,"Orleans County, New York",watershed,"Orleans County, New York"
36075,shoreline,"Oswego County, New York",watershed,"Oswego County, New York"
36079,shoreline,"Putnam County, New York",watershed,"Putnam County, New York"
36081,shoreline,"Queens County, New York",watershed,"Queens County, New York"
36083,,,watershed,"Rensselaer County, New York"
36085,shoreline,"Richmond County, New York",watershed,"Richmond County, New York"
36087,shoreline,"Rockland County, New York",watershed,"Rockland County, New York"
36089,,,watershed,"St. Lawrence County, New York"
36093,,,watershed,"Schenectady County, New York"
36103,shoreline,"Suffolk County, New York",watershed,"Suffolk County, New York"
36111,shoreline,"Ulster County, New York",watershed,"Ulster County, New York"
36117,shoreline,"Wayne County, New York",watershed,"Wayne County, New York"
36119,shoreline,"Westchester County, New York",watershed,"Westchester County, New York"
36121,,,watershed,"Wyoming County, New York"
37007,,,watershed,"Anson County, North Carolina"
37013,shoreline,"Beaufort County, North Carolina",watershed,"Beaufort County, North Carolina"
37015,shoreline,"Bertie County, North Carolina",watershed,"Bertie County, North Carolina"
37017,,,watershed,"Bladen County, North Carolina"
37019,shoreline,"Brunswick County, North Carolina",watershed,"Brunswick County, North Carolina"
37029,shoreline,"Camden County, North Carolina",watershed,"Camden County, North Carolina"
37031,shoreline,"Carteret County, North Carolina",watershed,"Carteret County, North Carolina"
37041,shoreline,"Chowan County, North Carolina",watershed,"Chowan County, North Carolina"
37047,,,watershed,"Columbus County, North Carolina"
37049,shoreline,"Craven County, North Carolina",watershed,"Craven County, North Carolina"
37051,,,watershed,"Cumberland County, North Carolina"
37053,shoreline,"Currituck County, North Carolina",watershed,"Currituck County, North Carolina"
37055,shoreline,"Dare County, North Carolina",watershed,"Dare County, North Carolina"
37061,,,watershed,"Duplin County, North Carolina"
37065,,,watershed,"Edgecombe County, North Carolina"
37073,shoreline,"Gates County, North Carolina",watershed,"Gates County, North Carolina"
37079,,,watershed,"Greene County, North Carolina"
37083,,,watershed,"Halifax County, North Carolina"
37091,shoreline,"Hertford County, North Carolina",watershed,"Hertford County, North Carolina"
37095,shoreline,"Hyde County, North Carolina",watershed,"Hyde County, North Carolina"
37103,shoreline,"Jones County, North Carolina",watershed,"Jones County, North Carolina"
37107,,,watershed,"Lenoir County, North Carolina"
37117,,,watershed,"Martin County, North Carolina"
37129,shoreline,"New Hanover County, North Carolina",watershed,"New Hanover County, North Carolina"
37131,,,watershed,"Northampton County, North Carolina"
37133,shoreline,"Onslow County, North Carolina",watershed,"Onslow County, North Carolina"
37137,shoreline,"Pamlico County, North Carolina",watershed,"Pamlico County, North Carolina"
37139,shoreline,"Pasquotank County, North Carolina",watershed,"Pasquotank County, North Carolina"
37141,shoreline,"Pender County, North Carolina",watershed,"Pender County, North Carolina"
37143,shoreline,"Perquimans County, North Carolina",watershed,"Perquimans County, North Carolina"
37147,shoreline,"Pitt County, North Carolina",watershed,"Pitt County, North Carolina"
37153,,,watershed,"Richmond County, North Carolina"
37163,,,watershed,"Sampson County, North Carolina"
37165,,,watershed,"Scotland County, North Carolina"
37177,shoreline,"Tyrrell County, North Carolina",watershed,"Tyrrell County, North Carolina"
37187,shoreline,"Washington County, North Carolina",watershed,"Washington County, North Carolina"
37191,,,watershed,"Wayne County, North Carolina"
37195,,,watershed,"Wilson County, North Carolina"
39005,,,watershed,"Ashland County, Ohio"
39007,shoreline,"Ashtabula County, Ohio",watershed,"Ashtabula County, Ohio"
39033,,,watershed,"Crawford County, Ohio"
39035,shoreline,"Cuyahoga County, Ohio",watershed,"Cuyahoga County, Ohio"
39039,,,watershed,"Defiance County, Ohio"
39043,shoreline,"Erie County, Ohio",watershed,"Erie County, Ohio"
39051,,,watershed,"Fulton County, Ohio"
39055,,,watershed,"Geauga County, Ohio"
39063,,,watershed,"Hancock County, Ohio"
39069,,,watershed,"Henry County, Ohio"
39077,,,watershed,"Huron County, Ohio"
39085,shoreline,"Lake County, Ohio",watershed,"Lake County, Ohio"
39093,shoreline,"Lorain County, Ohio",watershed,"Lorain County, Ohio"
39095,shoreline,"Lucas County, Ohio",watershed,"Lucas County, Ohio"
39101,,,watershed,"Marion County, Ohio"
39103,,,watershed,"Medina County, Ohio"
39123,shoreline,"Ottawa County, Ohio",watershed,"Ottawa County, Ohio"
39133,,,watershed,"Portage County, Ohio"
39143,shoreline,"Sandusky County, Ohio",watershed,"Sandusky County, Ohio"
39147,,,watershed,"Seneca County, Ohio"
39153,,,watershed,"Summit County, Ohio"
39155,,,watershed,"Trumbull County, Ohio"
39173,,,watershed,"Wood County, Ohio"
39175,,,watershed,"Wyandot County, Ohio"
41003,,,watershed,"Benton County, Oregon"
41005,,,watershed,"Clackamas County, Oregon"
41007,shoreline,"Clatsop County, Oregon",watershed,"Clatsop County, Oregon"
41009,,,watershed,"Columbia County, Oregon"
41011,shoreline,"Coos County, Oregon",watershed,"Coos County, Oregon"
41015,shoreline,"Curry County, Oregon",watershed,"Curry County, Oregon"
41019,shoreline,"Douglas County, Oregon",watershed,"Douglas County, Oregon"
41033,,,watershed,"Josephine County, Oregon"
41039,shoreline,"Lane County, Oregon",watershed,"Lane County, Oregon"
41041,shoreline,"Lincoln County, Oregon",watershed,"Lincoln County, Oregon"
41051,,,watershed,"Multnomah County, Oregon"
41057,shoreline,"Tillamook County, Oregon",watershed,"Tillamook County, Oregon"
42001,,,watershed,"Adams County, Pennsylvania"
42011,,,watershed,"Berks County, Pennsylvania"
42017,,,watershed,"Bucks County, Pennsylvania"
42029,,,watershed,"Chester County, Pennsylvania"
42045,shoreline,"Delaware County, Pennsylvania",watershed,"Delaware County, Pennsylvania"
42049,shoreline,"Erie County, Pennsylvania",watershed,"Erie County, Pennsylvania"
42071,,,watershed,"Lancaster County, Pennsylvania"
42075,,,watershed,"Lebanon County, Pennsylvania"
42077,,,watershed,"Lehigh County, Pennsylvania"
42091,,,watershed,"Montgomery County, Pennsylvania"
42101,shoreline,"Philadelphia County, Pennsylvania",watershed,"Philadelphia County, Pennsylvania"
42107,,,watershed,"Schuylkill County, Pennsylvania"
42133,,,watershed,"York County, Pennsylvania"
44001,shoreline,"Bristol County, Rhode Island",watershed,"Bristol County, Rhode Island"
44003,shoreline,"Kent County, Rhode Island",watershed,"Kent County, Rhode Island"
44005,shoreline,"Newport County, Rhode Island",watershed,"Newport County, Rhode Island"
44007,shoreline,"Providence County, Rhode Island",watershed,"Providence County, Rhode Island"
44009,shoreline,"Washington County, Rhode Island",watershed,"Washington County, Rhode Island"
45005,,,watershed,"Allendale County, South Carolina"
45013,shoreline,"Beaufort County, South Carolina",watershed,"Beaufort County, South Carolina"
45015,shoreline,"Berkeley County, South Carolina",watershed,"Berkeley County, South Carolina"
45019,shoreline,"Charleston County, South Carolina",watershed,"Charleston County, South Carolina"
45025,,,watershed,"Chesterfield County, South Carolina"
45027,,,watershed,"Clarendon County, South Carolina"
45029,shoreline,"Colleton County, South Carolina",watershed,"Colleton County, South Carolina"
45031,,,watershed,"Darlington County, South Carolina"
45033,,,watershed,"Dillon County, South Carolina"
45035,shoreline,"Dorchester County, South Carolina",watershed,"Dorchester County, South Carolina"
45041,,,watershed,"Florence County, South Carolina"
45043,shoreline,"Georgetown County, South Carolina",watershed,"Georgetown County, South Carolina"
45049,shoreline,"Hampton County, South Carolina",watershed,"Hampton County, South Carolina"
45051,shoreline,"Horry County, South Carolina",watershed,"Horry County, South Carolina"
45053,shoreline,"Jasper County, South Carolina",watershed,"Jasper County, South Carolina"
45055,,,watershed,"Kershaw County, South Carolina"
45057,,,watershed,"Lancaster County, South Carolina"
45061,,,watershed,"Lee County, South Carolina"
45067,,,watershed,"Marion County, South Carolina"
45069,,,watershed,"Marlboro County, South Carolina"
45085,,,watershed,"Sumter County, South Carolina"
45089,,,watershed,"Williamsburg County, South Carolina"
48007,shoreline,"Aransas County, Texas",watershed,"Aransas County, Texas"
48015,,,watershed,"Austin County, Texas"
48025,,,watershed,"Bee County, Texas"
48039,shoreline,"Brazoria County, Texas",watershed,"Brazoria County, Texas"
48047,,,watershed,"Brooks County, Texas"
48057,shoreline,"Calhoun County, Texas",watershed,"Calhoun County, Texas"
48061,shoreline,"Cameron County, Texas",watershed,"Cameron County, Texas"
48071,shoreline,"Chambers County, Texas",watershed,"Chambers County, Texas"
48089,,,watershed,"Colorado County, Texas"
48123,,,watershed,"DeWitt County, Texas"
48131,,,watershed,"Duval County, Texas"
48149,,,watershed,"Fayette County, Texas"
48157,,,watershed,"Fort Bend County, Texas"
48167,shoreline,"Galveston County, Texas",watershed,"Galveston County, Texas"
48175,,,watershed,"Goliad County, Texas"
48201,shoreline,"Harris County, Texas",watershed,"Harris County, Texas"
48215,,,watershed,"Hidalgo County, Texas"
48239,shoreline,"Jackson County, Texas",watershed,"Jackson County, Texas"
48241,,,watershed,"Jasper County, Texas"
48245,shoreline,"Jefferson County, Texas",watershed,"Jefferson County, Texas"
48247,,,watershed,"Jim Hogg County, Texas"
48249,,,watershed,"Jim Wells County, Texas"
48261,shoreline,"Kenedy County, Texas",watershed,"Kenedy County, Texas"
48273,shoreline,"Kleberg County, Texas",watershed,"Kleberg County, Texas"
48285,,,watershed,"Lavaca County, Texas"
48291,,,watershed,"Liberty County, Texas"
48297,,,watershed,"Live Oak County, Texas"
48321,shoreline,"Matagorda County, Texas",watershed,"Matagorda County, Texas"
48351,,,watershed,"Newton County, Texas"
48355,shoreline,"Nueces County, Texas",watershed,"Nueces County, Texas"
48361,shoreline,"Orange County, Texas",watershed,"Orange County, Texas"
48391,shoreline,"Refugio County, Texas",watershed,"Refugio County, Texas"
48409,shoreline,"San Patricio County, Texas",watershed,"San Patricio County, Texas"
48427,,,watershed,"Starr County, Texas"
48457,,,watershed,"Tyler County, Texas"
48469,shoreline,"Victoria County, Texas",watershed,"Victoria County, Texas"
48473,,,watershed,"Waller County, Texas"
48477,,,watershed,"Washington County, Texas"
48479,,,watershed,"Webb County, Texas"
48481,,,watershed,"Wharton County, Texas"
48489,shoreline,"Willacy County, Texas",watershed,"Willacy County, Texas"
51001,shoreline,"Accomack County, Virginia",watershed,"Accomack County, Virginia"
51007,,,watershed,"Amelia County, Virginia"
51011,,,watershed,"Appomattox County, Virginia"
51013,shoreline,"Arlington County, Virginia",watershed,"Arlington County, Virginia"
51029,,,watershed,"Buckingham County, Virginia"
51033,shoreline,"Caroline County, Virginia",watershed,"Caroline County, Virginia"
51036,shoreline,"Charles City County, Virginia",watershed,"Charles City County, Virginia"
51041,shoreline,"Chesterfield County, Virginia",watershed,"Chesterfield County, Virginia"
51049,,,watershed,"Cumberland County, Virginia"
51053,,,watershed,"Dinwiddie County, Virginia"
51057,shoreline,"Essex County, Virginia",watershed,"Essex County, Virginia"
51059,shoreline,"Fairfax County, Virginia",watershed,"Fairfax County, Virginia"
51061,,,watershed,"Fauquier County, Virginia"
51065,,,watershed,"Fluvanna County, Virginia"
51073,shoreline,"Gloucester County, Virginia",watershed,"Gloucester County, Virginia"
51075,,,watershed,"Goochland County, Virginia"
51085,shoreline,"Hanover County, Virginia",watershed,"Hanover County, Virginia"
51087,shoreline,"Henrico County, Virginia",watershed,"Henrico County, Virginia"
51093,shoreline,"Isle of Wight County, Virginia",watershed,"Isle of Wight County, Virginia"
51095,shoreline,"James City County, Virginia",watershed,"James City County, Virginia"
51097,shoreline,"King and Queen County, Virginia",watershed,"King and Queen County, Virginia"
51099,shoreline,"King George County, Virginia",watershed,"King George County, Virginia"
51101,shoreline,"King William County, Virginia",watershed,"King William County, Virginia"
51103,shoreline,"Lancaster County, Virginia",watershed,"Lancaster County, Virginia"
51109,,,watershed,"Louisa County, Virginia"
51115,shoreline,"Mathews County, Virginia",watershed,"Mathews County, Virginia"
51119,shoreline,"Middlesex County, Virginia",watershed,"Middlesex County, Virginia"
51127,shoreline,"New Kent County, Virginia",watershed,"New Kent County, Virginia"
51131,shoreline,"Northampton County, Virginia",watershed,"Northampton County, Virginia"
51133,shoreline,"Northumberland County, Virginia",watershed,"Northumberland County, Virginia"
51135,,,watershed,"Nottoway County, Virginia"
51137,,,watershed,"Orange County, Virginia"
51145,,,watershed,"Powhatan County, Virginia"
51147,,,watershed,"Prince Edward County, Virginia"
51149,shoreline,"Prince George County, Virginia",watershed,"Prince George County, Virginia"
51153,shoreline,"Prince William County, Virginia",watershed,"Prince William County, Virginia"
51159,shoreline,"Richmond County, Virginia",watershed,"Richmond County, Virginia"
51177,shoreline,"Spotsylvania County, Virginia",watershed,"Spotsylvania County, Virginia"
51179,shoreline,"Stafford County, Virginia",watershed,"Stafford County, Virginia"
51181,shoreline,"Surry County, Virginia",watershed,"Surry County, Virginia"
51193,shoreline,"Westmoreland County, Virginia",watershed,"Westmoreland County, Virginia"
51199,shoreline,"York County, Virginia",watershed,"York County, Virginia"
51510,shoreline,"Alexandria city, Virginia",watershed,"Alexandria city, Virginia"
51550,shoreline,"Chesapeake city, Virginia",watershed,"Chesapeake city, Virginia"
51570,,,watershed,"Colonial Heights city, Virginia"
51600,,,watershed,"Fairfax city, Virginia"
51610,,,watershed,"Falls Church city, Virginia"
51630,,,watershed,"Fredericksburg city, Virginia"
51650,shoreline,"Hampton city, Virginia",watershed,"Hampton city, Virginia"
51670,shoreline,"Hopewell city, Virginia",watershed,"Hopewell city, Virginia"
51683,,,watershed,"Manassas city, Virginia"
51685,,,watershed,"Manassas Park city, Virginia"
51700,shoreline,"Newport News city, Virginia",watershed,"Newport News city, Virginia"
51710,shoreline,"Norfolk city, Virginia",watershed,"Norfolk city, Virginia"
51730,,,watershed,"Petersburg city, Virginia"
51735,shoreline,"Poquoson city, Virginia",watershed,"Poquoson city, Virginia"
51740,shoreline,"Portsmouth city, Virginia",watershed,"Portsmouth city, Virginia"
51760,,,watershed,"Richmond city, Virginia"
51800,shoreline,"Suffolk city, Virginia",watershed,"Suffolk city, Virginia"
51810,shoreline,"Virginia Beach city, Virginia",watershed,"Virginia Beach city, Virginia"
51830,shoreline,"Williamsburg city, Virginia",watershed,"Williamsburg city, Virginia"
53009,shoreline,"Clallam County, Washington",watershed,"Clallam County, Washington"
53011,,,watershed,"Clark County, Washington"
53015,,,watershed,"Cowlitz County, Washington"
53027,shoreline,"Grays Harbor County, Washington",watershed,"Grays Harbor County, Washington"
53029,shoreline,"Island County, Washington",watershed,"Island County, Washington"
53031,shoreline,"Jefferson County, Washington",watershed,"Jefferson County, Washington"
53033,shoreline,"King County, Washington",watershed,"King County, Washington"
53035,shoreline,"Kitsap County, Washington",watershed,"Kitsap County, Washington"
53041,,,watershed,"Lewis County, Washington"
53045,shoreline,"Mason County, Washington",watershed,"Mason County, Washington"
53049,shoreline,"Pacific County, Washington",watershed,"Pacific County, Washington"
53053,shoreline,"Pierce County, Washington",watershed,"Pierce County, Washington"
53055,shoreline,"San Juan County, Washington",watershed,"San Juan County, Washington"
53057,shoreline,"Skagit County, Washington",watershed,"Skagit County, Washington"
53059,,,watershed,"Skamania County, Washington"
53061,shoreline,"Snohomish County, Washington",watershed,"Snohomish County, Washington"
53067,shoreline,"Thurston County, Washington",watershed,"Thurston County, Washington"
53069,shoreline,"Wahkiakum County, Washington",watershed,"Wahkiakum County, Washington"
53073,shoreline,"Whatcom County, Washington",watershed,"Whatcom County, Washington"
55003,shoreline,"Ashland County, Wisconsin",watershed,"Ashland County, Wisconsin"
55007,shoreline,"Bayfield County, Wisconsin",watershed,"Bayfield County, Wisconsin"
55009,shoreline,"Brown County, Wisconsin",watershed,"Brown County, Wisconsin"
55015,,,watershed,"Calumet County, Wisconsin"
55029,shoreline,"Door County, Wisconsin",watershed,"Door County, Wisconsin"
55031,shoreline,"Douglas County, Wisconsin",watershed,"Douglas County, Wisconsin"
55037,,,watershed,"Florence County, Wisconsin"
55039,,,watershed,"Fond du Lac County, Wisconsin"
55041,,,watershed,"Forest County, Wisconsin"
55051,shoreline,"Iron County, Wisconsin",watershed,"Iron County, Wisconsin"
55059,shoreline,"Kenosha County, Wisconsin",watershed,"Kenosha County, Wisconsin"
55061,shoreline,"Kewaunee County, Wisconsin",watershed,"Kewaunee County, Wisconsin"
55071,shoreline,"Manitowoc County, Wisconsin",watershed,"Manitowoc County, Wisconsin"
55075,shoreline,"Marinette County, Wisconsin",watershed,"Marinette County, Wisconsin"
55078,,,watershed,"Menominee County, Wisconsin"
55079,shoreline,"Milwaukee County, Wisconsin",watershed,"Milwaukee County, Wisconsin"
55083,shoreline,"Oconto County, Wisconsin",watershed,"Oconto County, Wisconsin"
55087,,,watershed,"Outagamie County, Wisconsin"
55089,shoreline,"Ozaukee County, Wisconsin",watershed,"Ozaukee County, Wisconsin"
55101,shoreline,"Racine County, Wisconsin",watershed,"Racine County, Wisconsin"
55115,,,watershed,"Shawano County, Wisconsin"
55117,shoreline,"Sheboygan County, Wisconsin",watershed,"Sheboygan County, Wisconsin"
55131,,,watershed,"Washington County, Wisconsin"
60010,shoreline,"Eastern District, American Samoa",watershed,"Eastern District, American Samoa"
60020,shoreline,"Manu'a District, American Samoa",watershed,"Manu'a District, American Samoa"
60030,,,watershed,"Rose Island, American Samoa"
60040,,,watershed,"Swains Island, American Samoa"
60050,shoreline,"Western District, American Samoa",watershed,"Western District, American Samoa"
66010,shoreline,"Guam, Guam",watershed,"Guam, Guam"
69085,shoreline,"Northern Islands Municipality, Northen Mariana Islands",watershed,"Northern Islands Municipality, Northen Mariana Islands"
69100,shoreline,"Rota Municipality, Northen Mariana Islands",watershed,"Rota Municipality, Northen Mariana Islands"
69110,shoreline,"Saipan Municipality, Northen Mariana Islands",watershed,"Saipan Municipality, Northen Mariana Islands"
69120,shoreline,"Tinian Municipality, Northen Mariana Islands",watershed,"Tinian Municipality, Northen Mariana Islands"
72001,,,watershed,"Adjuntas Municipio, Puerto Rico"
72003,shoreline,"Aguada Municipio, Puerto Rico",watershed,"Aguada Municipio, Puerto Rico"
72005,shoreline,"Aguadilla Municipio, Puerto Rico",watershed,"Aguadilla Municipio, Puerto Rico"
72007,,,watershed,"Aguas Buenas Municipio, Puerto Rico"
72009,,,watershed,"Aibonito Municipio, Puerto Rico"
72011,shoreline,"Añasco Municipio, Puerto Rico",watershed,"Añasco Municipio, Puerto Rico"
72013,shoreline,"Arecibo Municipio, Puerto Rico",watershed,"Arecibo Municipio, Puerto Rico"
72015,shoreline,"Arroyo Municipio, Puerto Rico",watershed,"Arroyo Municipio, Puerto Rico"
72017,shoreline,"Barceloneta Municipio, Puerto Rico",watershed,"Barceloneta Municipio, Puerto Rico"
72019,,,watershed,"Barranquitas Municipio, Puerto Rico"
72021,shoreline,"Bayamón Municipio, Puerto Rico",watershed,"Bayamón Municipio, Puerto Rico"
72023,shoreline,"Cabo Rojo Municipio, Puerto Rico",watershed,"Cabo Rojo Municipio, Puerto Rico"
72025,,,watershed,"Caguas Municipio, Puerto Rico"
72027,shoreline,"Camuy Municipio, Puerto Rico",watershed,"Camuy Municipio, Puerto Rico"
72029,,,watershed,"Canóvanas Municipio, Puerto Rico"
72031,shoreline,"Carolina Municipio, Puerto Rico",watershed,"Carolina Municipio, Puerto Rico"
72033,shoreline,"Cataño Municipio, Puerto Rico",watershed,"Cataño Municipio, Puerto Rico"
72035,,,watershed,"Cayey Municipio, Puerto Rico"
72037,shoreline,"Ceiba Municipio, Puerto Rico",watershed,"Ceiba Municipio, Puerto Rico"
72039,,,watershed,"Ciales Municipio, Puerto Rico"
72041,,,watershed,"Cidra Municipio, Puerto Rico"
72043,,,watershed,"Coamo Municipio, Puerto Rico"
72045,,,watershed,"Comerío Municipio, Puerto Rico"
72047,,,watershed,"Corozal Municipio, Puerto Rico"
72049,shoreline,"Culebra Municipio, Puerto Rico",watershed,"Culebra Municipio, Puerto Rico"
72051,shoreline,"Dorado Municipio, Puerto Rico",watershed,"Dorado Municipio, Puerto Rico"
72053,shoreline,"Fajardo Municipio, Puerto Rico",watershed,"Fajardo Municipio, Puerto Rico"
72054,,,watershed,"Florida Municipio, Puerto Rico"
72055,shoreline,"Guánica Municipio, Puerto Rico",watershed,"Guánica Municipio, Puerto Rico"
72057,shoreline,"Guayama Municipio, Puerto Rico",watershed,"Guayama Municipio, Puerto Rico"
72059,shoreline,"Guayanilla Municipio, Puerto Rico",watershed,"Guayanilla Municipio, Puerto Rico"
72061,shoreline,"Guaynabo Municipio, Puerto Rico",watershed,"Guaynabo Municipio, Puerto Rico"
72063,,,watershed,"Gurabo Municipio, Puerto Rico"
72065,shoreline,"Hatillo Municipio, Puerto Rico",watershed,"Hatillo Municipio, Puerto Rico"
72067,,,watershed,"Hormigueros Municipio, Puerto Rico"
72069,shoreline,"Humacao Municipio, Puerto Rico",watershed,"Humacao Municipio, Puerto Rico"
72071,shoreline,"Isabela Municipio, Puerto Rico",watershed,"Isabela Municipio, Puerto Rico"
72073,,,watershed,"Jayuya Municipio, Puerto Rico"
72075,shoreline,"Juana Díaz Municipio, Puerto Rico",watershed,"Juana Díaz Municipio, Puerto Rico"
72077,,,watershed,"Juncos Municipio, Puerto Rico"
72079,shoreline,"Lajas Municipio, Puerto Rico",watershed,"Lajas Municipio, Puerto Rico"
72081,,,watershed,"Lares Municipio, Puerto Rico"
72083,,,watershed,"Las Marías Municipio, Puerto Rico"
72085,,,watershed,"Las Piedras Municipio, Puerto Rico"
72087,shoreline,"Loíza Municipio, Puerto Rico",watershed,"Loíza Municipio, Puerto Rico"
72089,shoreline,"Luquillo Municipio, Puerto Rico",watershed,"Luquillo Municipio, Puerto Rico"
72091,shoreline,"Manatí Municipio, Puerto Rico",watershed,"Manatí Municipio, Puerto Rico"
72093,,,watershed,"Maricao Municipio, Puerto Rico"
72095,shoreline,"Maunabo Municipio, Puerto Rico",watershed,"Maunabo Municipio, Puerto Rico"
72097,shoreline,"Mayagüez Municipio, Puerto Rico",watershed,"Mayagüez Municipio, Puerto Rico"
72099,,,watershed,"Moca Municipio, Puerto Rico"
72101,,,watershed,"Morovis Municipio, Puerto Rico"
72103,shoreline,"Naguabo Municipio, Puerto Rico",watershed,"Naguabo Municipio, Puerto Rico"
72105,,,watershed,"Naranjito Municipio, Puerto Rico"
72107,,,watershed,"Orocovis Municipio, Puerto Rico"
72109,shoreline,"Patillas Municipio, Puerto Rico",watershed,"Patillas Municipio, Puerto Rico"
72111,shoreline,"Peñuelas Municipio, Puerto Rico",watershed,"Peñuelas Municipio, Puerto Rico"
72113,shoreline,"Ponce Municipio, Puerto Rico",watershed,"Ponce Municipio, Puerto Rico"
72115,shoreline,"Quebradillas Municipio, Puerto Rico",watershed,"Quebradillas Municipio, Puerto Rico"
72117,shoreline,"Rincón Municipio, Puerto Rico",watershed,"Rincón Municipio, Puerto Rico"
72119,shoreline,"Río Grande Municipio, Puerto Rico",watershed,"Río Grande Municipio, Puerto Rico"
72121,,,watershed,"Sabana Grande Municipio, Puerto Rico"
72123,shoreline,"Salinas Municipio, Puerto Rico",watershed,"Salinas Municipio, Puerto Rico"
72125,,,watershed,"San Germán Municipio, Puerto Rico"
72127,shoreline,"San Juan Municipio, Puerto Rico",watershed,"San Juan Municipio, Puerto Rico"
72129,,,watershed,"San Lorenzo Municipio, Puerto Rico"
72131,,,watershed,"San Sebastián Municipio, Puerto Rico"
72133,shoreline,"Santa Isabel Municipio, Puerto Rico",watershed,"Santa Isabel Municipio, Puerto Rico"
72135,,,watershed,"Toa Alta Municipio, Puerto Rico"
72137,shoreline,"Toa Baja Municipio, Puerto Rico",watershed,"Toa Baja Municipio, Puerto Rico"
72139,,,watershed,"Trujillo Alto Municipio, Puerto Rico"
72141,,,watershed,"Utuado Municipio, Puerto Rico"
72143,shoreline,"Vega Alta Municipio, Puerto Rico",watershed,"Vega Alta Municipio, Puerto Rico"
72145,shoreline,"Vega Baja Municipio, Puerto Rico",watershed,"Vega Baja Municipio, Puerto Rico"
72147,shoreline,"Vieques Municipio, Puerto Rico",watershed,"Vieques Municipio, Puerto Rico"
72149,,,watershed,"Villalba Municipio, Puerto Rico"
72151,shoreline,"Yabucoa Municipio, Puerto Rico",watershed,"Yabucoa Municipio, Puerto Rico"
72153,shoreline,"Yauco Municipio, Puerto Rico",watershed,"Yauco Municipio, Puerto Rico"
78010,shoreline,"St. Croix Island, Virgin Islands",watershed,"St. Croix Island, Virgin Islands"
78020,shoreline,"St. John Island, Virgin Islands",watershed,"St. John Island, Virgin Islands"
78030,shoreline,"St. Thomas Island, Virgin Islands",watershed,"St. Thomas Island, Virgin Islands"
